{
    "A1": {
        "AXIS_2_MOTOR_ID": 113, 
        "AXIS_3_MOTOR_ID": 166, 
        "AXIS_4_MOTOR_ID": 165, 
        "AXIS_5_MOTOR_ID": 61, 
        "BASE_MOTOR_ID": 68
    }, 
    "A2": {
        "AXIS_2_MOTOR_ID": 101, 
        "AXIS_3_MOTOR_ID": 183, 
        "AXIS_4_MOTOR_ID": 157, 
        "AXIS_5_MOTOR_ID": 80, 
        "BASE_MOTOR_ID": 84
    }, 
    "A3": {
        "AXIS_2_MOTOR_ID": 103, 
        "AXIS_3_MOTOR_ID": 178, 
        "AXIS_4_MOTOR_ID": 161, 
        "AXIS_5_MOTOR_ID": 100, 
        "BASE_MOTOR_ID": 103
    }, 
    "A4": {
        "AXIS_2_MOTOR_ID": 108, 
        "AXIS_3_MOTOR_ID": 171, 
        "AXIS_4_MOTOR_ID": 161, 
        "AXIS_5_MOTOR_ID": 115, 
        "BASE_MOTOR_ID": 119
    }, 
    "A5": {
        "AXIS_2_MOTOR_ID": 90, 
        "AXIS_3_MOTOR_ID": 90, 
        "AXIS_4_MOTOR_ID": 90, 
        "AXIS_5_MOTOR_ID": 90, 
        "BASE_MOTOR_ID": 90, 
        "PICK_DROP_MOTOR_ID": 90
    }, 
    "B1": {
        "AXIS_2_MOTOR_ID": 125, 
        "AXIS_3_MOTOR_ID": 150, 
        "AXIS_4_MOTOR_ID": 156, 
        "AXIS_5_MOTOR_ID": 67, 
        "BASE_MOTOR_ID": 73
    }, 
    "B2": {
        "AXIS_2_MOTOR_ID": 132, 
        "AXIS_3_MOTOR_ID": 137, 
        "AXIS_4_MOTOR_ID": 172, 
        "AXIS_5_MOTOR_ID": 82, 
        "BASE_MOTOR_ID": 87
    }, 
    "B3": {
        "AXIS_2_MOTOR_ID": 135, 
        "AXIS_3_MOTOR_ID": 132, 
        "AXIS_4_MOTOR_ID": 176, 
        "AXIS_5_MOTOR_ID": 95, 
        "BASE_MOTOR_ID": 101
    }, 
    "B4": {
        "AXIS_2_MOTOR_ID": 135, 
        "AXIS_3_MOTOR_ID": 132, 
        "AXIS_4_MOTOR_ID": 174, 
        "AXIS_5_MOTOR_ID": 105, 
        "BASE_MOTOR_ID": 114
    }, 
    "B5": {
        "AXIS_2_MOTOR_ID": 90, 
        "AXIS_3_MOTOR_ID": 90, 
        "AXIS_4_MOTOR_ID": 90, 
        "AXIS_5_MOTOR_ID": 90, 
        "BASE_MOTOR_ID": 90, 
        "PICK_DROP_MOTOR_ID": 90
    }, 
    "C1": {
        "AXIS_2_MOTOR_ID": 153, 
        "AXIS_3_MOTOR_ID": 101, 
        "AXIS_4_MOTOR_ID": 172, 
        "AXIS_5_MOTOR_ID": 74, 
        "BASE_MOTOR_ID": 77
    }, 
    "C2": {
        "AXIS_2_MOTOR_ID": 150, 
        "AXIS_3_MOTOR_ID": 104, 
        "AXIS_4_MOTOR_ID": 176, 
        "AXIS_5_MOTOR_ID": 81, 
        "BASE_MOTOR_ID": 87
    }, 
    "C3": {
        "AXIS_2_MOTOR_ID": 152, 
        "AXIS_3_MOTOR_ID": 101, 
        "AXIS_4_MOTOR_ID": 176, 
        "AXIS_5_MOTOR_ID": 88, 
        "BASE_MOTOR_ID": 100
    }, 
    "C4": {
        "AXIS_2_MOTOR_ID": 147, 
        "AXIS_3_MOTOR_ID": 109, 
        "AXIS_4_MOTOR_ID": 168, 
        "AXIS_5_MOTOR_ID": 99, 
        "BASE_MOTOR_ID": 111
    }, 
    "C5": {
        "AXIS_2_MOTOR_ID": 90, 
        "AXIS_3_MOTOR_ID": 90, 
        "AXIS_4_MOTOR_ID": 90, 
        "AXIS_5_MOTOR_ID": 90, 
        "BASE_MOTOR_ID": 90, 
        "PICK_DROP_MOTOR_ID": 90
    }, 
    "D1": {
        "AXIS_2_MOTOR_ID": 138, 
        "AXIS_3_MOTOR_ID": 149, 
        "AXIS_4_MOTOR_ID": 111, 
        "AXIS_5_MOTOR_ID": 77, 
        "BASE_MOTOR_ID": 79
    }, 
    "D2": {
        "AXIS_2_MOTOR_ID": 137, 
        "AXIS_3_MOTOR_ID": 151, 
        "AXIS_4_MOTOR_ID": 112, 
        "AXIS_5_MOTOR_ID": 77, 
        "BASE_MOTOR_ID": 88
    }, 
    "D3": {
        "AXIS_2_MOTOR_ID": 133, 
        "AXIS_3_MOTOR_ID": 155, 
        "AXIS_4_MOTOR_ID": 113, 
        "AXIS_5_MOTOR_ID": 89, 
        "BASE_MOTOR_ID": 97
    }, 
    "D4": {
        "AXIS_2_MOTOR_ID": 136, 
        "AXIS_3_MOTOR_ID": 148, 
        "AXIS_4_MOTOR_ID": 117, 
        "AXIS_5_MOTOR_ID": 94, 
        "BASE_MOTOR_ID": 109
    }, 
    "D5": {
        "AXIS_2_MOTOR_ID": 90, 
        "AXIS_3_MOTOR_ID": 90, 
        "AXIS_4_MOTOR_ID": 90, 
        "AXIS_5_MOTOR_ID": 90, 
        "BASE_MOTOR_ID": 90, 
        "PICK_DROP_MOTOR_ID": 90
    }, 
    "DP": {
        "AXIS_2_MOTOR_ID": 90, 
        "AXIS_3_MOTOR_ID": 90, 
        "AXIS_4_MOTOR_ID": 90, 
        "AXIS_5_MOTOR_ID": 90, 
        "BASE_MOTOR_ID": 90
    }, 
    "E1": {
        "AXIS_2_MOTOR_ID": 139, 
        "AXIS_3_MOTOR_ID": 122, 
        "AXIS_4_MOTOR_ID": 137, 
        "BASE_MOTOR_ID": 67
    }, 
    "E2": {
        "AXIS_2_MOTOR_ID": 136, 
        "AXIS_3_MOTOR_ID": 122, 
        "AXIS_4_MOTOR_ID": 142, 
        "BASE_MOTOR_ID": 75
    }, 
    "E3": {
        "AXIS_2_MOTOR_ID": 128, 
        "AXIS_3_MOTOR_ID": 132, 
        "AXIS_4_MOTOR_ID": 137, 
        "BASE_MOTOR_ID": 81
    }, 
    "E4": {
        "AXIS_2_MOTOR_ID": 128, 
        "AXIS_3_MOTOR_ID": 132, 
        "AXIS_4_MOTOR_ID": 139, 
        "BASE_MOTOR_ID": 89
    }, 
    "E5": {
        "AXIS_2_MOTOR_ID": 90, 
        "AXIS_3_MOTOR_ID": 90, 
        "AXIS_4_MOTOR_ID": 90, 
        "AXIS_5_MOTOR_ID": 90, 
        "BASE_MOTOR_ID": 90, 
        "PICK_DROP_MOTOR_ID": 90
    }, 
    "Motor_Angle_Offset": {
        "AXIS_2_MOTOR_ID": 0, 
        "AXIS_3_MOTOR_ID": 0, 
        "AXIS_4_MOTOR_ID": 0, 
        "AXIS_5_MOTOR_ID": 200, 
        "BASE_MOTOR_ID": 170, 
        "PICK_DROP_MOTOR_ID": 0
    }, 
    "Motor_Offset": {
        "AXIS_2_MOTOR_ID": 106, 
        "AXIS_3_MOTOR_ID": 492, 
        "AXIS_4_MOTOR_ID": -262, 
        "AXIS_5_MOTOR_ID": 104, 
        "BASE_MOTOR_ID": 105, 
        "PICK_DROP_MOTOR_ID": 9
    }
}